,level_0,index,MIA_MHI,BOS_MHI,PHO_MHI,NY_MHI,SEA_MHI,LA_MHI,HOU_MHI,CHI_MHI
0,0,1997-01-31,30000.0,25227.0,30746.0,27667.0,37030.0,31123.0,29643.0,29711.0
1,289,1997-01-31,30000.0,25227.0,30746.0,27667.0,37030.0,31123.0,29643.0,29711.0
2,1,1997-02-28,30000.0,25227.0,30746.0,27667.0,37030.0,31123.0,29643.0,29711.0
3,290,1997-02-28,30000.0,25227.0,30746.0,27667.0,37030.0,31123.0,29643.0,29711.0
4,2,1997-03-31,30000.0,25227.0,30746.0,27667.0,37030.0,31123.0,29643.0,29711.0
5,291,1997-03-31,30000.0,25227.0,30746.0,27667.0,37030.0,31123.0,29643.0,29711.0
6,3,1997-04-30,30000.0,25227.0,30746.0,27667.0,37030.0,31123.0,29643.0,29711.0
7,292,1997-04-30,30000.0,25227.0,30746.0,27667.0,37030.0,31123.0,29643.0,29711.0
8,4,1997-05-31,30000.0,25227.0,30746.0,27667.0,37030.0,31123.0,29643.0,29711.0
9,293,1997-05-31,30000.0,25227.0,30746.0,27667.0,37030.0,31123.0,29643.0,29711.0
10,294,1997-06-30,30000.0,25227.0,30746.0,27667.0,37030.0,31123.0,29643.0,29711.0
11,5,1997-06-30,30000.0,25227.0,30746.0,27667.0,37030.0,31123.0,29643.0,29711.0
12,295,1997-07-31,30000.0,25227.0,30746.0,27667.0,37030.0,31123.0,29643.0,29711.0
13,6,1997-07-31,30000.0,25227.0,30746.0,27667.0,37030.0,31123.0,29643.0,29711.0
14,296,1997-08-31,30000.0,25227.0,30746.0,27667.0,37030.0,31123.0,29643.0,29711.0
15,7,1997-08-31,30000.0,25227.0,30746.0,27667.0,37030.0,31123.0,29643.0,29711.0
16,297,1997-09-30,30000.0,25227.0,30746.0,27667.0,37030.0,31123.0,29643.0,29711.0
17,8,1997-09-30,30000.0,25227.0,30746.0,27667.0,37030.0,31123.0,29643.0,29711.0
18,298,1997-10-31,30000.0,25227.0,30746.0,27667.0,37030.0,31123.0,29643.0,29711.0
19,9,1997-10-31,30000.0,25227.0,30746.0,27667.0,37030.0,31123.0,29643.0,29711.0
20,299,1997-11-30,30000.0,25227.0,30746.0,27667.0,37030.0,31123.0,29643.0,29711.0
21,10,1997-11-30,30000.0,25227.0,30746.0,27667.0,37030.0,31123.0,29643.0,29711.0
22,300,1997-12-31,30000.0,25227.0,30746.0,27667.0,37030.0,31123.0,29643.0,29711.0
23,11,1997-12-31,30000.0,25227.0,30746.0,27667.0,37030.0,31123.0,29643.0,29711.0
24,12,1998-01-31,30669.0,26456.0,31538.5,28740.75,37855.0,31514.5,30857.25,30676.5
25,301,1998-01-31,30669.0,26456.0,31538.5,28740.75,37855.0,31514.5,30857.25,30676.5
26,302,1998-02-28,30669.0,26456.0,31538.5,28740.75,37855.0,31514.5,30857.25,30676.5
27,13,1998-02-28,30669.0,26456.0,31538.5,28740.75,37855.0,31514.5,30857.25,30676.5
28,14,1998-03-31,30669.0,26456.0,31538.5,28740.75,37855.0,31514.5,30857.25,30676.5
29,303,1998-03-31,30669.0,26456.0,31538.5,28740.75,37855.0,31514.5,30857.25,30676.5
30,15,1998-04-30,30669.0,26456.0,31538.5,28740.75,37855.0,31514.5,30857.25,30676.5
31,304,1998-04-30,30669.0,26456.0,31538.5,28740.75,37855.0,31514.5,30857.25,30676.5
32,16,1998-05-31,30669.0,26456.0,31538.5,28740.75,37855.0,31514.5,30857.25,30676.5
33,305,1998-05-31,30669.0,26456.0,31538.5,28740.75,37855.0,31514.5,30857.25,30676.5
34,17,1998-06-30,30669.0,26456.0,31538.5,28740.75,37855.0,31514.5,30857.25,30676.5
35,306,1998-06-30,30669.0,26456.0,31538.5,28740.75,37855.0,31514.5,30857.25,30676.5
36,307,1998-07-31,30669.0,26456.0,31538.5,28740.75,37855.0,31514.5,30857.25,30676.5
37,18,1998-07-31,30669.0,26456.0,31538.5,28740.75,37855.0,31514.5,30857.25,30676.5
38,308,1998-08-31,30669.0,26456.0,31538.5,28740.75,37855.0,31514.5,30857.25,30676.5
39,19,1998-08-31,30669.0,26456.0,31538.5,28740.75,37855.0,31514.5,30857.25,30676.5
40,309,1998-09-30,30669.0,26456.0,31538.5,28740.75,37855.0,31514.5,30857.25,30676.5
41,20,1998-09-30,30669.0,26456.0,31538.5,28740.75,37855.0,31514.5,30857.25,30676.5
42,21,1998-10-31,30669.0,26456.0,31538.5,28740.75,37855.0,31514.5,30857.25,30676.5
43,310,1998-10-31,30669.0,26456.0,31538.5,28740.75,37855.0,31514.5,30857.25,30676.5
44,311,1998-11-30,30669.0,26456.0,31538.5,28740.75,37855.0,31514.5,30857.25,30676.5
45,22,1998-11-30,30669.0,26456.0,31538.5,28740.75,37855.0,31514.5,30857.25,30676.5
46,312,1998-12-31,30669.0,26456.0,31538.5,28740.75,37855.0,31514.5,30857.25,30676.5
47,23,1998-12-31,30669.0,26456.0,31538.5,28740.75,37855.0,31514.5,30857.25,30676.5
48,313,1999-01-31,30669.0,26456.0,31538.5,28740.75,37855.0,31514.5,30857.25,30676.5
49,24,1999-01-31,32287.0,27685.0,32331.0,29814.5,38680.0,31906.0,32071.5,31642.0
50,25,1999-02-28,32287.0,27685.0,32331.0,29814.5,38680.0,31906.0,32071.5,31642.0
51,314,1999-02-28,32287.0,27685.0,32331.0,29814.5,38680.0,31906.0,32071.5,31642.0
52,315,1999-03-31,32287.0,27685.0,32331.0,29814.5,38680.0,31906.0,32071.5,31642.0
53,26,1999-03-31,32287.0,27685.0,32331.0,29814.5,38680.0,31906.0,32071.5,31642.0
54,27,1999-04-30,32287.0,27685.0,32331.0,29814.5,38680.0,31906.0,32071.5,31642.0
55,316,1999-04-30,32287.0,27685.0,32331.0,29814.5,38680.0,31906.0,32071.5,31642.0
56,28,1999-05-31,32287.0,27685.0,32331.0,29814.5,38680.0,31906.0,32071.5,31642.0
57,317,1999-05-31,32287.0,27685.0,32331.0,29814.5,38680.0,31906.0,32071.5,31642.0
58,29,1999-06-30,32287.0,27685.0,32331.0,29814.5,38680.0,31906.0,32071.5,31642.0
59,318,1999-06-30,32287.0,27685.0,32331.0,29814.5,38680.0,31906.0,32071.5,31642.0
60,30,1999-07-31,32287.0,27685.0,32331.0,29814.5,38680.0,31906.0,32071.5,31642.0
61,319,1999-07-31,32287.0,27685.0,32331.0,29814.5,38680.0,31906.0,32071.5,31642.0
62,320,1999-08-31,32287.0,27685.0,32331.0,29814.5,38680.0,31906.0,32071.5,31642.0
63,31,1999-08-31,32287.0,27685.0,32331.0,29814.5,38680.0,31906.0,32071.5,31642.0
64,321,1999-09-30,32287.0,27685.0,32331.0,29814.5,38680.0,31906.0,32071.5,31642.0
65,32,1999-09-30,32287.0,27685.0,32331.0,29814.5,38680.0,31906.0,32071.5,31642.0
66,33,1999-10-31,32287.0,27685.0,32331.0,29814.5,38680.0,31906.0,32071.5,31642.0
67,322,1999-10-31,32287.0,27685.0,32331.0,29814.5,38680.0,31906.0,32071.5,31642.0
68,323,1999-11-30,32287.0,27685.0,32331.0,29814.5,38680.0,31906.0,32071.5,31642.0
69,34,1999-11-30,32287.0,27685.0,32331.0,29814.5,38680.0,31906.0,32071.5,31642.0
70,324,1999-12-31,32287.0,27685.0,32331.0,29814.5,38680.0,31906.0,32071.5,31642.0
71,35,1999-12-31,32287.0,27685.0,32331.0,29814.5,38680.0,31906.0,32071.5,31642.0
72,325,2000-01-31,32287.0,27685.0,32331.0,29814.5,38680.0,31906.0,32071.5,31642.0
73,36,2000-01-31,33228.0,28914.0,33123.5,30888.25,39505.0,32297.5,33285.75,32607.5
74,326,2000-02-29,33228.0,28914.0,33123.5,30888.25,39505.0,32297.5,33285.75,32607.5
75,37,2000-02-29,33228.0,28914.0,33123.5,30888.25,39505.0,32297.5,33285.75,32607.5
76,327,2000-03-31,33228.0,28914.0,33123.5,30888.25,39505.0,32297.5,33285.75,32607.5
77,38,2000-03-31,33228.0,28914.0,33123.5,30888.25,39505.0,32297.5,33285.75,32607.5
78,328,2000-04-30,33228.0,28914.0,33123.5,30888.25,39505.0,32297.5,33285.75,32607.5
79,39,2000-04-30,33228.0,28914.0,33123.5,30888.25,39505.0,32297.5,33285.75,32607.5
80,40,2000-05-31,33228.0,28914.0,33123.5,30888.25,39505.0,32297.5,33285.75,32607.5
81,329,2000-05-31,33228.0,28914.0,33123.5,30888.25,39505.0,32297.5,33285.75,32607.5
82,330,2000-06-30,33228.0,28914.0,33123.5,30888.25,39505.0,32297.5,33285.75,32607.5
83,41,2000-06-30,33228.0,28914.0,33123.5,30888.25,39505.0,32297.5,33285.75,32607.5
84,42,2000-07-31,33228.0,28914.0,33123.5,30888.25,39505.0,32297.5,33285.75,32607.5
85,331,2000-07-31,33228.0,28914.0,33123.5,30888.25,39505.0,32297.5,33285.75,32607.5
86,43,2000-08-31,33228.0,28914.0,33123.5,30888.25,39505.0,32297.5,33285.75,32607.5
87,332,2000-08-31,33228.0,28914.0,33123.5,30888.25,39505.0,32297.5,33285.75,32607.5
88,333,2000-09-30,33228.0,28914.0,33123.5,30888.25,39505.0,32297.5,33285.75,32607.5
89,44,2000-09-30,33228.0,28914.0,33123.5,30888.25,39505.0,32297.5,33285.75,32607.5
90,45,2000-10-31,33228.0,28914.0,33123.5,30888.25,39505.0,32297.5,33285.75,32607.5
91,334,2000-10-31,33228.0,28914.0,33123.5,30888.25,39505.0,32297.5,33285.75,32607.5
92,46,2000-11-30,33228.0,28914.0,33123.5,30888.25,39505.0,32297.5,33285.75,32607.5
93,335,2000-11-30,33228.0,28914.0,33123.5,30888.25,39505.0,32297.5,33285.75,32607.5
94,336,2000-12-31,33228.0,28914.0,33123.5,30888.25,39505.0,32297.5,33285.75,32607.5
95,47,2000-12-31,33228.0,28914.0,33123.5,30888.25,39505.0,32297.5,33285.75,32607.5
96,48,2001-01-31,32194.0,30143.0,33916.0,31962.0,40330.0,32689.0,34500.0,33573.0
97,337,2001-01-31,32194.0,30143.0,33916.0,31962.0,40330.0,32689.0,34500.0,33573.0
98,49,2001-02-28,32194.0,30143.0,33916.0,31962.0,40330.0,32689.0,34500.0,33573.0
99,338,2001-02-28,32194.0,30143.0,33916.0,31962.0,40330.0,32689.0,34500.0,33573.0
100,339,2001-03-31,32194.0,30143.0,33916.0,31962.0,40330.0,32689.0,34500.0,33573.0
101,50,2001-03-31,32194.0,30143.0,33916.0,31962.0,40330.0,32689.0,34500.0,33573.0
102,51,2001-04-30,32194.0,30143.0,33916.0,31962.0,40330.0,32689.0,34500.0,33573.0
103,340,2001-04-30,32194.0,30143.0,33916.0,31962.0,40330.0,32689.0,34500.0,33573.0
104,341,2001-05-31,32194.0,30143.0,33916.0,31962.0,40330.0,32689.0,34500.0,33573.0
105,52,2001-05-31,32194.0,30143.0,33916.0,31962.0,40330.0,32689.0,34500.0,33573.0
106,53,2001-06-30,32194.0,30143.0,33916.0,31962.0,40330.0,32689.0,34500.0,33573.0
107,342,2001-06-30,32194.0,30143.0,33916.0,31962.0,40330.0,32689.0,34500.0,33573.0
108,54,2001-07-31,32194.0,30143.0,33916.0,31962.0,40330.0,32689.0,34500.0,33573.0
109,343,2001-07-31,32194.0,30143.0,33916.0,31962.0,40330.0,32689.0,34500.0,33573.0
110,55,2001-08-31,32194.0,30143.0,33916.0,31962.0,40330.0,32689.0,34500.0,33573.0
111,344,2001-08-31,32194.0,30143.0,33916.0,31962.0,40330.0,32689.0,34500.0,33573.0
112,56,2001-09-30,32194.0,30143.0,33916.0,31962.0,40330.0,32689.0,34500.0,33573.0
113,345,2001-09-30,32194.0,30143.0,33916.0,31962.0,40330.0,32689.0,34500.0,33573.0
114,57,2001-10-31,32194.0,30143.0,33916.0,31962.0,40330.0,32689.0,34500.0,33573.0
115,346,2001-10-31,32194.0,30143.0,33916.0,31962.0,40330.0,32689.0,34500.0,33573.0
116,58,2001-11-30,32194.0,30143.0,33916.0,31962.0,40330.0,32689.0,34500.0,33573.0
117,347,2001-11-30,32194.0,30143.0,33916.0,31962.0,40330.0,32689.0,34500.0,33573.0
118,348,2001-12-31,32194.0,30143.0,33916.0,31962.0,40330.0,32689.0,34500.0,33573.0
119,59,2001-12-31,32194.0,30143.0,33916.0,31962.0,40330.0,32689.0,34500.0,33573.0
120,60,2002-01-31,31531.0,31489.5,35749.5,33183.5,42553.0,33258.5,35200.5,35698.5
121,349,2002-01-31,31531.0,31489.5,35749.5,33183.5,42553.0,33258.5,35200.5,35698.5
122,350,2002-02-28,31531.0,31489.5,35749.5,33183.5,42553.0,33258.5,35200.5,35698.5
123,61,2002-02-28,31531.0,31489.5,35749.5,33183.5,42553.0,33258.5,35200.5,35698.5
124,62,2002-03-31,31531.0,31489.5,35749.5,33183.5,42553.0,33258.5,35200.5,35698.5
125,351,2002-03-31,31531.0,31489.5,35749.5,33183.5,42553.0,33258.5,35200.5,35698.5
126,63,2002-04-30,31531.0,31489.5,35749.5,33183.5,42553.0,33258.5,35200.5,35698.5
127,352,2002-04-30,31531.0,31489.5,35749.5,33183.5,42553.0,33258.5,35200.5,35698.5
128,64,2002-05-31,31531.0,31489.5,35749.5,33183.5,42553.0,33258.5,35200.5,35698.5
129,353,2002-05-31,31531.0,31489.5,35749.5,33183.5,42553.0,33258.5,35200.5,35698.5
130,65,2002-06-30,31531.0,31489.5,35749.5,33183.5,42553.0,33258.5,35200.5,35698.5
131,354,2002-06-30,31531.0,31489.5,35749.5,33183.5,42553.0,33258.5,35200.5,35698.5
132,66,2002-07-31,31531.0,31489.5,35749.5,33183.5,42553.0,33258.5,35200.5,35698.5
133,355,2002-07-31,31531.0,31489.5,35749.5,33183.5,42553.0,33258.5,35200.5,35698.5
134,67,2002-08-31,31531.0,31489.5,35749.5,33183.5,42553.0,33258.5,35200.5,35698.5
135,356,2002-08-31,31531.0,31489.5,35749.5,33183.5,42553.0,33258.5,35200.5,35698.5
136,68,2002-09-30,31531.0,31489.5,35749.5,33183.5,42553.0,33258.5,35200.5,35698.5
137,357,2002-09-30,31531.0,31489.5,35749.5,33183.5,42553.0,33258.5,35200.5,35698.5
138,69,2002-10-31,31531.0,31489.5,35749.5,33183.5,42553.0,33258.5,35200.5,35698.5
139,358,2002-10-31,31531.0,31489.5,35749.5,33183.5,42553.0,33258.5,35200.5,35698.5
140,359,2002-11-30,31531.0,31489.5,35749.5,33183.5,42553.0,33258.5,35200.5,35698.5
141,70,2002-11-30,31531.0,31489.5,35749.5,33183.5,42553.0,33258.5,35200.5,35698.5
142,71,2002-12-31,31531.0,31489.5,35749.5,33183.5,42553.0,33258.5,35200.5,35698.5
143,360,2002-12-31,31531.0,31489.5,35749.5,33183.5,42553.0,33258.5,35200.5,35698.5
144,72,2003-01-31,33054.0,32836.0,37583.0,34405.0,44776.0,33828.0,35901.0,37824.0
145,361,2003-01-31,33054.0,32836.0,37583.0,34405.0,44776.0,33828.0,35901.0,37824.0
146,362,2003-02-28,33054.0,32836.0,37583.0,34405.0,44776.0,33828.0,35901.0,37824.0
147,73,2003-02-28,33054.0,32836.0,37583.0,34405.0,44776.0,33828.0,35901.0,37824.0
148,74,2003-03-31,33054.0,32836.0,37583.0,34405.0,44776.0,33828.0,35901.0,37824.0
149,363,2003-03-31,33054.0,32836.0,37583.0,34405.0,44776.0,33828.0,35901.0,37824.0
150,75,2003-04-30,33054.0,32836.0,37583.0,34405.0,44776.0,33828.0,35901.0,37824.0
151,364,2003-04-30,33054.0,32836.0,37583.0,34405.0,44776.0,33828.0,35901.0,37824.0
152,76,2003-05-31,33054.0,32836.0,37583.0,34405.0,44776.0,33828.0,35901.0,37824.0
153,365,2003-05-31,33054.0,32836.0,37583.0,34405.0,44776.0,33828.0,35901.0,37824.0
154,77,2003-06-30,33054.0,32836.0,37583.0,34405.0,44776.0,33828.0,35901.0,37824.0
155,366,2003-06-30,33054.0,32836.0,37583.0,34405.0,44776.0,33828.0,35901.0,37824.0
156,78,2003-07-31,33054.0,32836.0,37583.0,34405.0,44776.0,33828.0,35901.0,37824.0
157,367,2003-07-31,33054.0,32836.0,37583.0,34405.0,44776.0,33828.0,35901.0,37824.0
158,368,2003-08-31,33054.0,32836.0,37583.0,34405.0,44776.0,33828.0,35901.0,37824.0
159,79,2003-08-31,33054.0,32836.0,37583.0,34405.0,44776.0,33828.0,35901.0,37824.0
160,80,2003-09-30,33054.0,32836.0,37583.0,34405.0,44776.0,33828.0,35901.0,37824.0
161,369,2003-09-30,33054.0,32836.0,37583.0,34405.0,44776.0,33828.0,35901.0,37824.0
162,81,2003-10-31,33054.0,32836.0,37583.0,34405.0,44776.0,33828.0,35901.0,37824.0
163,370,2003-10-31,33054.0,32836.0,37583.0,34405.0,44776.0,33828.0,35901.0,37824.0
164,82,2003-11-30,33054.0,32836.0,37583.0,34405.0,44776.0,33828.0,35901.0,37824.0
165,371,2003-11-30,33054.0,32836.0,37583.0,34405.0,44776.0,33828.0,35901.0,37824.0
166,372,2003-12-31,33054.0,32836.0,37583.0,34405.0,44776.0,33828.0,35901.0,37824.0
167,83,2003-12-31,33054.0,32836.0,37583.0,34405.0,44776.0,33828.0,35901.0,37824.0
168,373,2004-01-31,33054.0,32836.0,37583.0,34405.0,44776.0,33828.0,35901.0,37824.0
169,84,2004-01-31,34682.0,34548.0,38858.5,36314.5,48038.0,35134.5,37469.0,39002.5
170,374,2004-02-29,34682.0,34548.0,38858.5,36314.5,48038.0,35134.5,37469.0,39002.5
171,85,2004-02-29,34682.0,34548.0,38858.5,36314.5,48038.0,35134.5,37469.0,39002.5
172,86,2004-03-31,34682.0,34548.0,38858.5,36314.5,48038.0,35134.5,37469.0,39002.5
173,375,2004-03-31,34682.0,34548.0,38858.5,36314.5,48038.0,35134.5,37469.0,39002.5
174,87,2004-04-30,34682.0,34548.0,38858.5,36314.5,48038.0,35134.5,37469.0,39002.5
175,376,2004-04-30,34682.0,34548.0,38858.5,36314.5,48038.0,35134.5,37469.0,39002.5
176,88,2004-05-31,34682.0,34548.0,38858.5,36314.5,48038.0,35134.5,37469.0,39002.5
177,377,2004-05-31,34682.0,34548.0,38858.5,36314.5,48038.0,35134.5,37469.0,39002.5
178,378,2004-06-30,34682.0,34548.0,38858.5,36314.5,48038.0,35134.5,37469.0,39002.5
179,89,2004-06-30,34682.0,34548.0,38858.5,36314.5,48038.0,35134.5,37469.0,39002.5
180,379,2004-07-31,34682.0,34548.0,38858.5,36314.5,48038.0,35134.5,37469.0,39002.5
181,90,2004-07-31,34682.0,34548.0,38858.5,36314.5,48038.0,35134.5,37469.0,39002.5
182,380,2004-08-31,34682.0,34548.0,38858.5,36314.5,48038.0,35134.5,37469.0,39002.5
183,91,2004-08-31,34682.0,34548.0,38858.5,36314.5,48038.0,35134.5,37469.0,39002.5
184,92,2004-09-30,34682.0,34548.0,38858.5,36314.5,48038.0,35134.5,37469.0,39002.5
185,381,2004-09-30,34682.0,34548.0,38858.5,36314.5,48038.0,35134.5,37469.0,39002.5
186,382,2004-10-31,34682.0,34548.0,38858.5,36314.5,48038.0,35134.5,37469.0,39002.5
187,93,2004-10-31,34682.0,34548.0,38858.5,36314.5,48038.0,35134.5,37469.0,39002.5
188,94,2004-11-30,34682.0,34548.0,38858.5,36314.5,48038.0,35134.5,37469.0,39002.5
189,383,2004-11-30,34682.0,34548.0,38858.5,36314.5,48038.0,35134.5,37469.0,39002.5
190,95,2004-12-31,34682.0,34548.0,38858.5,36314.5,48038.0,35134.5,37469.0,39002.5
191,384,2004-12-31,34682.0,34548.0,38858.5,36314.5,48038.0,35134.5,37469.0,39002.5
192,385,2005-01-31,34682.0,34548.0,38858.5,36314.5,48038.0,35134.5,37469.0,39002.5
193,96,2005-01-31,37142.0,36260.0,40134.0,38224.0,51300.0,36441.0,39037.0,40181.0
194,97,2005-02-28,37142.0,36260.0,40134.0,38224.0,51300.0,36441.0,39037.0,40181.0
195,386,2005-02-28,37142.0,36260.0,40134.0,38224.0,51300.0,36441.0,39037.0,40181.0
196,98,2005-03-31,37142.0,36260.0,40134.0,38224.0,51300.0,36441.0,39037.0,40181.0
197,387,2005-03-31,37142.0,36260.0,40134.0,38224.0,51300.0,36441.0,39037.0,40181.0
198,388,2005-04-30,37142.0,36260.0,40134.0,38224.0,51300.0,36441.0,39037.0,40181.0
199,99,2005-04-30,37142.0,36260.0,40134.0,38224.0,51300.0,36441.0,39037.0,40181.0
200,100,2005-05-31,37142.0,36260.0,40134.0,38224.0,51300.0,36441.0,39037.0,40181.0
201,389,2005-05-31,37142.0,36260.0,40134.0,38224.0,51300.0,36441.0,39037.0,40181.0
202,101,2005-06-30,37142.0,36260.0,40134.0,38224.0,51300.0,36441.0,39037.0,40181.0
203,390,2005-06-30,37142.0,36260.0,40134.0,38224.0,51300.0,36441.0,39037.0,40181.0
204,391,2005-07-31,37142.0,36260.0,40134.0,38224.0,51300.0,36441.0,39037.0,40181.0
205,102,2005-07-31,37142.0,36260.0,40134.0,38224.0,51300.0,36441.0,39037.0,40181.0
206,103,2005-08-31,37142.0,36260.0,40134.0,38224.0,51300.0,36441.0,39037.0,40181.0
207,392,2005-08-31,37142.0,36260.0,40134.0,38224.0,51300.0,36441.0,39037.0,40181.0
208,104,2005-09-30,37142.0,36260.0,40134.0,38224.0,51300.0,36441.0,39037.0,40181.0
209,393,2005-09-30,37142.0,36260.0,40134.0,38224.0,51300.0,36441.0,39037.0,40181.0
210,105,2005-10-31,37142.0,36260.0,40134.0,38224.0,51300.0,36441.0,39037.0,40181.0
211,394,2005-10-31,37142.0,36260.0,40134.0,38224.0,51300.0,36441.0,39037.0,40181.0
212,106,2005-11-30,37142.0,36260.0,40134.0,38224.0,51300.0,36441.0,39037.0,40181.0
213,395,2005-11-30,37142.0,36260.0,40134.0,38224.0,51300.0,36441.0,39037.0,40181.0
214,107,2005-12-31,37142.0,36260.0,40134.0,38224.0,51300.0,36441.0,39037.0,40181.0
215,396,2005-12-31,37142.0,36260.0,40134.0,38224.0,51300.0,36441.0,39037.0,40181.0
216,108,2006-01-31,41178.0,37931.0,42192.0,41590.0,52435.0,37655.0,40690.0,41815.0
217,397,2006-01-31,41178.0,37931.0,42192.0,41590.0,52435.0,37655.0,40690.0,41815.0
218,398,2006-02-28,41178.0,37931.0,42192.0,41590.0,52435.0,37655.0,40690.0,41815.0
219,109,2006-02-28,41178.0,37931.0,42192.0,41590.0,52435.0,37655.0,40690.0,41815.0
220,399,2006-03-31,41178.0,37931.0,42192.0,41590.0,52435.0,37655.0,40690.0,41815.0
221,110,2006-03-31,41178.0,37931.0,42192.0,41590.0,52435.0,37655.0,40690.0,41815.0
222,111,2006-04-30,41178.0,37931.0,42192.0,41590.0,52435.0,37655.0,40690.0,41815.0
223,400,2006-04-30,41178.0,37931.0,42192.0,41590.0,52435.0,37655.0,40690.0,41815.0
224,112,2006-05-31,41178.0,37931.0,42192.0,41590.0,52435.0,37655.0,40690.0,41815.0
225,401,2006-05-31,41178.0,37931.0,42192.0,41590.0,52435.0,37655.0,40690.0,41815.0
226,113,2006-06-30,41178.0,37931.0,42192.0,41590.0,52435.0,37655.0,40690.0,41815.0
227,402,2006-06-30,41178.0,37931.0,42192.0,41590.0,52435.0,37655.0,40690.0,41815.0
228,114,2006-07-31,41178.0,37931.0,42192.0,41590.0,52435.0,37655.0,40690.0,41815.0
229,403,2006-07-31,41178.0,37931.0,42192.0,41590.0,52435.0,37655.0,40690.0,41815.0
230,404,2006-08-31,41178.0,37931.0,42192.0,41590.0,52435.0,37655.0,40690.0,41815.0
231,115,2006-08-31,41178.0,37931.0,42192.0,41590.0,52435.0,37655.0,40690.0,41815.0
232,116,2006-09-30,41178.0,37931.0,42192.0,41590.0,52435.0,37655.0,40690.0,41815.0
233,405,2006-09-30,41178.0,37931.0,42192.0,41590.0,52435.0,37655.0,40690.0,41815.0
234,406,2006-10-31,41178.0,37931.0,42192.0,41590.0,52435.0,37655.0,40690.0,41815.0
235,117,2006-10-31,41178.0,37931.0,42192.0,41590.0,52435.0,37655.0,40690.0,41815.0
236,407,2006-11-30,41178.0,37931.0,42192.0,41590.0,52435.0,37655.0,40690.0,41815.0
237,118,2006-11-30,41178.0,37931.0,42192.0,41590.0,52435.0,37655.0,40690.0,41815.0
238,408,2006-12-31,41178.0,37931.0,42192.0,41590.0,52435.0,37655.0,40690.0,41815.0
239,119,2006-12-31,41178.0,37931.0,42192.0,41590.0,52435.0,37655.0,40690.0,41815.0
240,409,2007-01-31,41178.0,37931.0,42192.0,41590.0,52435.0,37655.0,40690.0,41815.0
241,120,2007-01-31,43495.0,37950.0,44054.0,42436.0,52893.0,38900.0,41466.0,43128.0
242,121,2007-02-28,43495.0,37950.0,44054.0,42436.0,52893.0,38900.0,41466.0,43128.0
243,410,2007-02-28,43495.0,37950.0,44054.0,42436.0,52893.0,38900.0,41466.0,43128.0
244,122,2007-03-31,43495.0,37950.0,44054.0,42436.0,52893.0,38900.0,41466.0,43128.0
245,411,2007-03-31,43495.0,37950.0,44054.0,42436.0,52893.0,38900.0,41466.0,43128.0
246,123,2007-04-30,43495.0,37950.0,44054.0,42436.0,52893.0,38900.0,41466.0,43128.0
247,412,2007-04-30,43495.0,37950.0,44054.0,42436.0,52893.0,38900.0,41466.0,43128.0
248,413,2007-05-31,43495.0,37950.0,44054.0,42436.0,52893.0,38900.0,41466.0,43128.0
249,124,2007-05-31,43495.0,37950.0,44054.0,42436.0,52893.0,38900.0,41466.0,43128.0
250,414,2007-06-30,43495.0,37950.0,44054.0,42436.0,52893.0,38900.0,41466.0,43128.0
251,125,2007-06-30,43495.0,37950.0,44054.0,42436.0,52893.0,38900.0,41466.0,43128.0
252,126,2007-07-31,43495.0,37950.0,44054.0,42436.0,52893.0,38900.0,41466.0,43128.0
253,415,2007-07-31,43495.0,37950.0,44054.0,42436.0,52893.0,38900.0,41466.0,43128.0
254,127,2007-08-31,43495.0,37950.0,44054.0,42436.0,52893.0,38900.0,41466.0,43128.0
255,416,2007-08-31,43495.0,37950.0,44054.0,42436.0,52893.0,38900.0,41466.0,43128.0
256,128,2007-09-30,43495.0,37950.0,44054.0,42436.0,52893.0,38900.0,41466.0,43128.0
257,417,2007-09-30,43495.0,37950.0,44054.0,42436.0,52893.0,38900.0,41466.0,43128.0
258,129,2007-10-31,43495.0,37950.0,44054.0,42436.0,52893.0,38900.0,41466.0,43128.0
259,418,2007-10-31,43495.0,37950.0,44054.0,42436.0,52893.0,38900.0,41466.0,43128.0
260,130,2007-11-30,43495.0,37950.0,44054.0,42436.0,52893.0,38900.0,41466.0,43128.0
261,419,2007-11-30,43495.0,37950.0,44054.0,42436.0,52893.0,38900.0,41466.0,43128.0
262,131,2007-12-31,43495.0,37950.0,44054.0,42436.0,52893.0,38900.0,41466.0,43128.0
263,420,2007-12-31,43495.0,37950.0,44054.0,42436.0,52893.0,38900.0,41466.0,43128.0
264,132,2008-01-31,43921.0,40641.0,47024.0,44085.0,55158.0,42045.0,41220.0,45239.0
265,421,2008-01-31,43921.0,40641.0,47024.0,44085.0,55158.0,42045.0,41220.0,45239.0
266,422,2008-02-29,43921.0,40641.0,47024.0,44085.0,55158.0,42045.0,41220.0,45239.0
267,133,2008-02-29,43921.0,40641.0,47024.0,44085.0,55158.0,42045.0,41220.0,45239.0
268,134,2008-03-31,43921.0,40641.0,47024.0,44085.0,55158.0,42045.0,41220.0,45239.0
269,423,2008-03-31,43921.0,40641.0,47024.0,44085.0,55158.0,42045.0,41220.0,45239.0
270,424,2008-04-30,43921.0,40641.0,47024.0,44085.0,55158.0,42045.0,41220.0,45239.0
271,135,2008-04-30,43921.0,40641.0,47024.0,44085.0,55158.0,42045.0,41220.0,45239.0
272,425,2008-05-31,43921.0,40641.0,47024.0,44085.0,55158.0,42045.0,41220.0,45239.0
273,136,2008-05-31,43921.0,40641.0,47024.0,44085.0,55158.0,42045.0,41220.0,45239.0
274,137,2008-06-30,43921.0,40641.0,47024.0,44085.0,55158.0,42045.0,41220.0,45239.0
275,426,2008-06-30,43921.0,40641.0,47024.0,44085.0,55158.0,42045.0,41220.0,45239.0
276,138,2008-07-31,43921.0,40641.0,47024.0,44085.0,55158.0,42045.0,41220.0,45239.0
277,427,2008-07-31,43921.0,40641.0,47024.0,44085.0,55158.0,42045.0,41220.0,45239.0
278,428,2008-08-31,43921.0,40641.0,47024.0,44085.0,55158.0,42045.0,41220.0,45239.0
279,139,2008-08-31,43921.0,40641.0,47024.0,44085.0,55158.0,42045.0,41220.0,45239.0
280,429,2008-09-30,43921.0,40641.0,47024.0,44085.0,55158.0,42045.0,41220.0,45239.0
281,140,2008-09-30,43921.0,40641.0,47024.0,44085.0,55158.0,42045.0,41220.0,45239.0
282,430,2008-10-31,43921.0,40641.0,47024.0,44085.0,55158.0,42045.0,41220.0,45239.0
283,141,2008-10-31,43921.0,40641.0,47024.0,44085.0,55158.0,42045.0,41220.0,45239.0
284,431,2008-11-30,43921.0,40641.0,47024.0,44085.0,55158.0,42045.0,41220.0,45239.0
285,142,2008-11-30,43921.0,40641.0,47024.0,44085.0,55158.0,42045.0,41220.0,45239.0
286,432,2008-12-31,43921.0,40641.0,47024.0,44085.0,55158.0,42045.0,41220.0,45239.0
287,143,2008-12-31,43921.0,40641.0,47024.0,44085.0,55158.0,42045.0,41220.0,45239.0
288,144,2009-01-31,41367.0,39621.0,45921.0,42732.0,53982.0,41573.0,43279.0,43569.0
289,433,2009-01-31,41367.0,39621.0,45921.0,42732.0,53982.0,41573.0,43279.0,43569.0
290,145,2009-02-28,41367.0,39621.0,45921.0,42732.0,53982.0,41573.0,43279.0,43569.0
291,434,2009-02-28,41367.0,39621.0,45921.0,42732.0,53982.0,41573.0,43279.0,43569.0
292,146,2009-03-31,41367.0,39621.0,45921.0,42732.0,53982.0,41573.0,43279.0,43569.0
293,435,2009-03-31,41367.0,39621.0,45921.0,42732.0,53982.0,41573.0,43279.0,43569.0
294,147,2009-04-30,41367.0,39621.0,45921.0,42732.0,53982.0,41573.0,43279.0,43569.0
295,436,2009-04-30,41367.0,39621.0,45921.0,42732.0,53982.0,41573.0,43279.0,43569.0
296,148,2009-05-31,41367.0,39621.0,45921.0,42732.0,53982.0,41573.0,43279.0,43569.0
297,437,2009-05-31,41367.0,39621.0,45921.0,42732.0,53982.0,41573.0,43279.0,43569.0
298,438,2009-06-30,41367.0,39621.0,45921.0,42732.0,53982.0,41573.0,43279.0,43569.0
299,149,2009-06-30,41367.0,39621.0,45921.0,42732.0,53982.0,41573.0,43279.0,43569.0
300,439,2009-07-31,41367.0,39621.0,45921.0,42732.0,53982.0,41573.0,43279.0,43569.0
301,150,2009-07-31,41367.0,39621.0,45921.0,42732.0,53982.0,41573.0,43279.0,43569.0
302,440,2009-08-31,41367.0,39621.0,45921.0,42732.0,53982.0,41573.0,43279.0,43569.0
303,151,2009-08-31,41367.0,39621.0,45921.0,42732.0,53982.0,41573.0,43279.0,43569.0
304,152,2009-09-30,41367.0,39621.0,45921.0,42732.0,53982.0,41573.0,43279.0,43569.0
305,441,2009-09-30,41367.0,39621.0,45921.0,42732.0,53982.0,41573.0,43279.0,43569.0
306,442,2009-10-31,41367.0,39621.0,45921.0,42732.0,53982.0,41573.0,43279.0,43569.0
307,153,2009-10-31,41367.0,39621.0,45921.0,42732.0,53982.0,41573.0,43279.0,43569.0
308,154,2009-11-30,41367.0,39621.0,45921.0,42732.0,53982.0,41573.0,43279.0,43569.0
309,443,2009-11-30,41367.0,39621.0,45921.0,42732.0,53982.0,41573.0,43279.0,43569.0
310,155,2009-12-31,41367.0,39621.0,45921.0,42732.0,53982.0,41573.0,43279.0,43569.0
311,444,2009-12-31,41367.0,39621.0,45921.0,42732.0,53982.0,41573.0,43279.0,43569.0
312,445,2010-01-31,41367.0,39621.0,45921.0,42732.0,53982.0,41573.0,43279.0,43569.0
313,156,2010-01-31,40145.0,39993.0,46038.0,43239.0,53644.0,41506.0,42704.0,42863.0
314,446,2010-02-28,40145.0,39993.0,46038.0,43239.0,53644.0,41506.0,42704.0,42863.0
315,157,2010-02-28,40145.0,39993.0,46038.0,43239.0,53644.0,41506.0,42704.0,42863.0
316,447,2010-03-31,40145.0,39993.0,46038.0,43239.0,53644.0,41506.0,42704.0,42863.0
317,158,2010-03-31,40145.0,39993.0,46038.0,43239.0,53644.0,41506.0,42704.0,42863.0
318,159,2010-04-30,40145.0,39993.0,46038.0,43239.0,53644.0,41506.0,42704.0,42863.0
319,448,2010-04-30,40145.0,39993.0,46038.0,43239.0,53644.0,41506.0,42704.0,42863.0
320,160,2010-05-31,40145.0,39993.0,46038.0,43239.0,53644.0,41506.0,42704.0,42863.0
321,449,2010-05-31,40145.0,39993.0,46038.0,43239.0,53644.0,41506.0,42704.0,42863.0
322,161,2010-06-30,40145.0,39993.0,46038.0,43239.0,53644.0,41506.0,42704.0,42863.0
323,450,2010-06-30,40145.0,39993.0,46038.0,43239.0,53644.0,41506.0,42704.0,42863.0
324,451,2010-07-31,40145.0,39993.0,46038.0,43239.0,53644.0,41506.0,42704.0,42863.0
325,162,2010-07-31,40145.0,39993.0,46038.0,43239.0,53644.0,41506.0,42704.0,42863.0
326,163,2010-08-31,40145.0,39993.0,46038.0,43239.0,53644.0,41506.0,42704.0,42863.0
327,452,2010-08-31,40145.0,39993.0,46038.0,43239.0,53644.0,41506.0,42704.0,42863.0
328,453,2010-09-30,40145.0,39993.0,46038.0,43239.0,53644.0,41506.0,42704.0,42863.0
329,164,2010-09-30,40145.0,39993.0,46038.0,43239.0,53644.0,41506.0,42704.0,42863.0
330,454,2010-10-31,40145.0,39993.0,46038.0,43239.0,53644.0,41506.0,42704.0,42863.0
331,165,2010-10-31,40145.0,39993.0,46038.0,43239.0,53644.0,41506.0,42704.0,42863.0
332,166,2010-11-30,40145.0,39993.0,46038.0,43239.0,53644.0,41506.0,42704.0,42863.0
333,455,2010-11-30,40145.0,39993.0,46038.0,43239.0,53644.0,41506.0,42704.0,42863.0
334,167,2010-12-31,40145.0,39993.0,46038.0,43239.0,53644.0,41506.0,42704.0,42863.0
335,456,2010-12-31,40145.0,39993.0,46038.0,43239.0,53644.0,41506.0,42704.0,42863.0
336,457,2011-01-31,40145.0,39993.0,46038.0,43239.0,53644.0,41506.0,42704.0,42863.0
337,168,2011-01-31,40476.0,40089.0,46376.0,43930.0,53541.0,41544.0,42262.0,42723.0
338,458,2011-02-28,40476.0,40089.0,46376.0,43930.0,53541.0,41544.0,42262.0,42723.0
339,169,2011-02-28,40476.0,40089.0,46376.0,43930.0,53541.0,41544.0,42262.0,42723.0
340,170,2011-03-31,40476.0,40089.0,46376.0,43930.0,53541.0,41544.0,42262.0,42723.0
341,459,2011-03-31,40476.0,40089.0,46376.0,43930.0,53541.0,41544.0,42262.0,42723.0
342,171,2011-04-30,40476.0,40089.0,46376.0,43930.0,53541.0,41544.0,42262.0,42723.0
343,460,2011-04-30,40476.0,40089.0,46376.0,43930.0,53541.0,41544.0,42262.0,42723.0
344,461,2011-05-31,40476.0,40089.0,46376.0,43930.0,53541.0,41544.0,42262.0,42723.0
345,172,2011-05-31,40476.0,40089.0,46376.0,43930.0,53541.0,41544.0,42262.0,42723.0
346,462,2011-06-30,40476.0,40089.0,46376.0,43930.0,53541.0,41544.0,42262.0,42723.0
347,173,2011-06-30,40476.0,40089.0,46376.0,43930.0,53541.0,41544.0,42262.0,42723.0
348,463,2011-07-31,40476.0,40089.0,46376.0,43930.0,53541.0,41544.0,42262.0,42723.0
349,174,2011-07-31,40476.0,40089.0,46376.0,43930.0,53541.0,41544.0,42262.0,42723.0
350,464,2011-08-31,40476.0,40089.0,46376.0,43930.0,53541.0,41544.0,42262.0,42723.0
351,175,2011-08-31,40476.0,40089.0,46376.0,43930.0,53541.0,41544.0,42262.0,42723.0
352,465,2011-09-30,40476.0,40089.0,46376.0,43930.0,53541.0,41544.0,42262.0,42723.0
353,176,2011-09-30,40476.0,40089.0,46376.0,43930.0,53541.0,41544.0,42262.0,42723.0
354,466,2011-10-31,40476.0,40089.0,46376.0,43930.0,53541.0,41544.0,42262.0,42723.0
355,177,2011-10-31,40476.0,40089.0,46376.0,43930.0,53541.0,41544.0,42262.0,42723.0
356,467,2011-11-30,40476.0,40089.0,46376.0,43930.0,53541.0,41544.0,42262.0,42723.0
357,178,2011-11-30,40476.0,40089.0,46376.0,43930.0,53541.0,41544.0,42262.0,42723.0
358,468,2011-12-31,40476.0,40089.0,46376.0,43930.0,53541.0,41544.0,42262.0,42723.0
359,179,2011-12-31,40476.0,40089.0,46376.0,43930.0,53541.0,41544.0,42262.0,42723.0
360,469,2012-01-31,40476.0,40089.0,46376.0,43930.0,53541.0,41544.0,42262.0,42723.0
361,180,2012-01-31,41311.0,41517.0,48304.0,45290.0,55969.0,43518.0,41922.0,43584.0
362,470,2012-02-29,41311.0,41517.0,48304.0,45290.0,55969.0,43518.0,41922.0,43584.0
363,181,2012-02-29,41311.0,41517.0,48304.0,45290.0,55969.0,43518.0,41922.0,43584.0
364,471,2012-03-31,41311.0,41517.0,48304.0,45290.0,55969.0,43518.0,41922.0,43584.0
365,182,2012-03-31,41311.0,41517.0,48304.0,45290.0,55969.0,43518.0,41922.0,43584.0
366,472,2012-04-30,41311.0,41517.0,48304.0,45290.0,55969.0,43518.0,41922.0,43584.0
367,183,2012-04-30,41311.0,41517.0,48304.0,45290.0,55969.0,43518.0,41922.0,43584.0
368,473,2012-05-31,41311.0,41517.0,48304.0,45290.0,55969.0,43518.0,41922.0,43584.0
369,184,2012-05-31,41311.0,41517.0,48304.0,45290.0,55969.0,43518.0,41922.0,43584.0
370,474,2012-06-30,41311.0,41517.0,48304.0,45290.0,55969.0,43518.0,41922.0,43584.0
371,185,2012-06-30,41311.0,41517.0,48304.0,45290.0,55969.0,43518.0,41922.0,43584.0
372,186,2012-07-31,41311.0,41517.0,48304.0,45290.0,55969.0,43518.0,41922.0,43584.0
373,475,2012-07-31,41311.0,41517.0,48304.0,45290.0,55969.0,43518.0,41922.0,43584.0
374,187,2012-08-31,41311.0,41517.0,48304.0,45290.0,55969.0,43518.0,41922.0,43584.0
375,476,2012-08-31,41311.0,41517.0,48304.0,45290.0,55969.0,43518.0,41922.0,43584.0
376,188,2012-09-30,41311.0,41517.0,48304.0,45290.0,55969.0,43518.0,41922.0,43584.0
377,477,2012-09-30,41311.0,41517.0,48304.0,45290.0,55969.0,43518.0,41922.0,43584.0
378,189,2012-10-31,41311.0,41517.0,48304.0,45290.0,55969.0,43518.0,41922.0,43584.0
379,478,2012-10-31,41311.0,41517.0,48304.0,45290.0,55969.0,43518.0,41922.0,43584.0
380,479,2012-11-30,41311.0,41517.0,48304.0,45290.0,55969.0,43518.0,41922.0,43584.0
381,190,2012-11-30,41311.0,41517.0,48304.0,45290.0,55969.0,43518.0,41922.0,43584.0
382,480,2012-12-31,41311.0,41517.0,48304.0,45290.0,55969.0,43518.0,41922.0,43584.0
383,191,2012-12-31,41311.0,41517.0,48304.0,45290.0,55969.0,43518.0,41922.0,43584.0
384,192,2013-01-31,41840.0,43155.0,48752.0,55561.0,58351.0,48166.0,44085.0,48919.0
385,481,2013-01-31,41840.0,43155.0,48752.0,55561.0,58351.0,48166.0,44085.0,48919.0
386,193,2013-02-28,41840.0,43155.0,48752.0,55561.0,58351.0,48166.0,44085.0,48919.0
387,482,2013-02-28,41840.0,43155.0,48752.0,55561.0,58351.0,48166.0,44085.0,48919.0
388,194,2013-03-31,41840.0,43155.0,48752.0,55561.0,58351.0,48166.0,44085.0,48919.0
389,483,2013-03-31,41840.0,43155.0,48752.0,55561.0,58351.0,48166.0,44085.0,48919.0
390,195,2013-04-30,41840.0,43155.0,48752.0,55561.0,58351.0,48166.0,44085.0,48919.0
391,484,2013-04-30,41840.0,43155.0,48752.0,55561.0,58351.0,48166.0,44085.0,48919.0
392,485,2013-05-31,41840.0,43155.0,48752.0,55561.0,58351.0,48166.0,44085.0,48919.0
393,196,2013-05-31,41840.0,43155.0,48752.0,55561.0,58351.0,48166.0,44085.0,48919.0
394,197,2013-06-30,41840.0,43155.0,48752.0,55561.0,58351.0,48166.0,44085.0,48919.0
395,486,2013-06-30,41840.0,43155.0,48752.0,55561.0,58351.0,48166.0,44085.0,48919.0
396,487,2013-07-31,41840.0,43155.0,48752.0,55561.0,58351.0,48166.0,44085.0,48919.0
397,198,2013-07-31,41840.0,43155.0,48752.0,55561.0,58351.0,48166.0,44085.0,48919.0
398,199,2013-08-31,41840.0,43155.0,48752.0,55561.0,58351.0,48166.0,44085.0,48919.0
399,488,2013-08-31,41840.0,43155.0,48752.0,55561.0,58351.0,48166.0,44085.0,48919.0
400,489,2013-09-30,41840.0,43155.0,48752.0,55561.0,58351.0,48166.0,44085.0,48919.0
401,200,2013-09-30,41840.0,43155.0,48752.0,55561.0,58351.0,48166.0,44085.0,48919.0
402,490,2013-10-31,41840.0,43155.0,48752.0,55561.0,58351.0,48166.0,44085.0,48919.0
403,201,2013-10-31,41840.0,43155.0,48752.0,55561.0,58351.0,48166.0,44085.0,48919.0
404,202,2013-11-30,41840.0,43155.0,48752.0,55561.0,58351.0,48166.0,44085.0,48919.0
405,491,2013-11-30,41840.0,43155.0,48752.0,55561.0,58351.0,48166.0,44085.0,48919.0
406,203,2013-12-31,41840.0,43155.0,48752.0,55561.0,58351.0,48166.0,44085.0,48919.0
407,492,2013-12-31,41840.0,43155.0,48752.0,55561.0,58351.0,48166.0,44085.0,48919.0
408,204,2014-01-31,42754.0,47312.0,52522.0,59542.0,63291.0,51279.0,47159.0,50682.0
409,493,2014-01-31,42754.0,47312.0,52522.0,59542.0,63291.0,51279.0,47159.0,50682.0
410,205,2014-02-28,42754.0,47312.0,52522.0,59542.0,63291.0,51279.0,47159.0,50682.0
411,494,2014-02-28,42754.0,47312.0,52522.0,59542.0,63291.0,51279.0,47159.0,50682.0
412,495,2014-03-31,42754.0,47312.0,52522.0,59542.0,63291.0,51279.0,47159.0,50682.0
413,206,2014-03-31,42754.0,47312.0,52522.0,59542.0,63291.0,51279.0,47159.0,50682.0
414,207,2014-04-30,42754.0,47312.0,52522.0,59542.0,63291.0,51279.0,47159.0,50682.0
415,496,2014-04-30,42754.0,47312.0,52522.0,59542.0,63291.0,51279.0,47159.0,50682.0
416,497,2014-05-31,42754.0,47312.0,52522.0,59542.0,63291.0,51279.0,47159.0,50682.0
417,208,2014-05-31,42754.0,47312.0,52522.0,59542.0,63291.0,51279.0,47159.0,50682.0
418,498,2014-06-30,42754.0,47312.0,52522.0,59542.0,63291.0,51279.0,47159.0,50682.0
419,209,2014-06-30,42754.0,47312.0,52522.0,59542.0,63291.0,51279.0,47159.0,50682.0
420,499,2014-07-31,42754.0,47312.0,52522.0,59542.0,63291.0,51279.0,47159.0,50682.0
421,210,2014-07-31,42754.0,47312.0,52522.0,59542.0,63291.0,51279.0,47159.0,50682.0
422,500,2014-08-31,42754.0,47312.0,52522.0,59542.0,63291.0,51279.0,47159.0,50682.0
423,211,2014-08-31,42754.0,47312.0,52522.0,59542.0,63291.0,51279.0,47159.0,50682.0
424,212,2014-09-30,42754.0,47312.0,52522.0,59542.0,63291.0,51279.0,47159.0,50682.0
425,501,2014-09-30,42754.0,47312.0,52522.0,59542.0,63291.0,51279.0,47159.0,50682.0
426,213,2014-10-31,42754.0,47312.0,52522.0,59542.0,63291.0,51279.0,47159.0,50682.0
427,502,2014-10-31,42754.0,47312.0,52522.0,59542.0,63291.0,51279.0,47159.0,50682.0
428,214,2014-11-30,42754.0,47312.0,52522.0,59542.0,63291.0,51279.0,47159.0,50682.0
429,503,2014-11-30,42754.0,47312.0,52522.0,59542.0,63291.0,51279.0,47159.0,50682.0
430,215,2014-12-31,42754.0,47312.0,52522.0,59542.0,63291.0,51279.0,47159.0,50682.0
431,504,2014-12-31,42754.0,47312.0,52522.0,59542.0,63291.0,51279.0,47159.0,50682.0
432,505,2015-01-31,42754.0,47312.0,52522.0,59542.0,63291.0,51279.0,47159.0,50682.0
433,216,2015-01-31,43687.0,49853.0,54733.0,63704.0,66969.0,53494.0,49977.0,52554.0
434,217,2015-02-28,43687.0,49853.0,54733.0,63704.0,66969.0,53494.0,49977.0,52554.0
435,506,2015-02-28,43687.0,49853.0,54733.0,63704.0,66969.0,53494.0,49977.0,52554.0
436,218,2015-03-31,43687.0,49853.0,54733.0,63704.0,66969.0,53494.0,49977.0,52554.0
437,507,2015-03-31,43687.0,49853.0,54733.0,63704.0,66969.0,53494.0,49977.0,52554.0
438,508,2015-04-30,43687.0,49853.0,54733.0,63704.0,66969.0,53494.0,49977.0,52554.0
439,219,2015-04-30,43687.0,49853.0,54733.0,63704.0,66969.0,53494.0,49977.0,52554.0
440,220,2015-05-31,43687.0,49853.0,54733.0,63704.0,66969.0,53494.0,49977.0,52554.0
441,509,2015-05-31,43687.0,49853.0,54733.0,63704.0,66969.0,53494.0,49977.0,52554.0
442,221,2015-06-30,43687.0,49853.0,54733.0,63704.0,66969.0,53494.0,49977.0,52554.0
443,510,2015-06-30,43687.0,49853.0,54733.0,63704.0,66969.0,53494.0,49977.0,52554.0
444,222,2015-07-31,43687.0,49853.0,54733.0,63704.0,66969.0,53494.0,49977.0,52554.0
445,511,2015-07-31,43687.0,49853.0,54733.0,63704.0,66969.0,53494.0,49977.0,52554.0
446,223,2015-08-31,43687.0,49853.0,54733.0,63704.0,66969.0,53494.0,49977.0,52554.0
447,512,2015-08-31,43687.0,49853.0,54733.0,63704.0,66969.0,53494.0,49977.0,52554.0
448,513,2015-09-30,43687.0,49853.0,54733.0,63704.0,66969.0,53494.0,49977.0,52554.0
449,224,2015-09-30,43687.0,49853.0,54733.0,63704.0,66969.0,53494.0,49977.0,52554.0
450,514,2015-10-31,43687.0,49853.0,54733.0,63704.0,66969.0,53494.0,49977.0,52554.0
451,225,2015-10-31,43687.0,49853.0,54733.0,63704.0,66969.0,53494.0,49977.0,52554.0
452,515,2015-11-30,43687.0,49853.0,54733.0,63704.0,66969.0,53494.0,49977.0,52554.0
453,226,2015-11-30,43687.0,49853.0,54733.0,63704.0,66969.0,53494.0,49977.0,52554.0
454,227,2015-12-31,43687.0,49853.0,54733.0,63704.0,66969.0,53494.0,49977.0,52554.0
455,516,2015-12-31,43687.0,49853.0,54733.0,63704.0,66969.0,53494.0,49977.0,52554.0
456,517,2016-01-31,43687.0,49853.0,54733.0,63704.0,66969.0,53494.0,49977.0,52554.0
457,228,2016-01-31,45886.0,51145.0,56511.0,68402.0,70091.0,55452.0,52391.0,54559.0
458,229,2016-02-29,45886.0,51145.0,56511.0,68402.0,70091.0,55452.0,52391.0,54559.0
459,518,2016-02-29,45886.0,51145.0,56511.0,68402.0,70091.0,55452.0,52391.0,54559.0
460,519,2016-03-31,45886.0,51145.0,56511.0,68402.0,70091.0,55452.0,52391.0,54559.0
461,230,2016-03-31,45886.0,51145.0,56511.0,68402.0,70091.0,55452.0,52391.0,54559.0
462,520,2016-04-30,45886.0,51145.0,56511.0,68402.0,70091.0,55452.0,52391.0,54559.0
463,231,2016-04-30,45886.0,51145.0,56511.0,68402.0,70091.0,55452.0,52391.0,54559.0
464,521,2016-05-31,45886.0,51145.0,56511.0,68402.0,70091.0,55452.0,52391.0,54559.0
465,232,2016-05-31,45886.0,51145.0,56511.0,68402.0,70091.0,55452.0,52391.0,54559.0
466,522,2016-06-30,45886.0,51145.0,56511.0,68402.0,70091.0,55452.0,52391.0,54559.0
467,233,2016-06-30,45886.0,51145.0,56511.0,68402.0,70091.0,55452.0,52391.0,54559.0
468,523,2016-07-31,45886.0,51145.0,56511.0,68402.0,70091.0,55452.0,52391.0,54559.0
469,234,2016-07-31,45886.0,51145.0,56511.0,68402.0,70091.0,55452.0,52391.0,54559.0
470,235,2016-08-31,45886.0,51145.0,56511.0,68402.0,70091.0,55452.0,52391.0,54559.0
471,524,2016-08-31,45886.0,51145.0,56511.0,68402.0,70091.0,55452.0,52391.0,54559.0
472,236,2016-09-30,45886.0,51145.0,56511.0,68402.0,70091.0,55452.0,52391.0,54559.0
473,525,2016-09-30,45886.0,51145.0,56511.0,68402.0,70091.0,55452.0,52391.0,54559.0
474,237,2016-10-31,45886.0,51145.0,56511.0,68402.0,70091.0,55452.0,52391.0,54559.0
475,526,2016-10-31,45886.0,51145.0,56511.0,68402.0,70091.0,55452.0,52391.0,54559.0
476,238,2016-11-30,45886.0,51145.0,56511.0,68402.0,70091.0,55452.0,52391.0,54559.0
477,527,2016-11-30,45886.0,51145.0,56511.0,68402.0,70091.0,55452.0,52391.0,54559.0
478,528,2016-12-31,45886.0,51145.0,56511.0,68402.0,70091.0,55452.0,52391.0,54559.0
479,239,2016-12-31,45886.0,51145.0,56511.0,68402.0,70091.0,55452.0,52391.0,54559.0
480,240,2017-01-31,49758.0,53751.0,53284.0,68295.0,67706.0,54375.0,50577.0,52516.0
481,529,2017-01-31,49758.0,53751.0,53284.0,68295.0,67706.0,54375.0,50577.0,52516.0
482,530,2017-02-28,49758.0,53751.0,53284.0,68295.0,67706.0,54375.0,50577.0,52516.0
483,241,2017-02-28,49758.0,53751.0,53284.0,68295.0,67706.0,54375.0,50577.0,52516.0
484,531,2017-03-31,49758.0,53751.0,53284.0,68295.0,67706.0,54375.0,50577.0,52516.0
485,242,2017-03-31,49758.0,53751.0,53284.0,68295.0,67706.0,54375.0,50577.0,52516.0
486,243,2017-04-30,49758.0,53751.0,53284.0,68295.0,67706.0,54375.0,50577.0,52516.0
487,532,2017-04-30,49758.0,53751.0,53284.0,68295.0,67706.0,54375.0,50577.0,52516.0
488,533,2017-05-31,49758.0,53751.0,53284.0,68295.0,67706.0,54375.0,50577.0,52516.0
489,244,2017-05-31,49758.0,53751.0,53284.0,68295.0,67706.0,54375.0,50577.0,52516.0
490,245,2017-06-30,49758.0,53751.0,53284.0,68295.0,67706.0,54375.0,50577.0,52516.0
491,534,2017-06-30,49758.0,53751.0,53284.0,68295.0,67706.0,54375.0,50577.0,52516.0
492,246,2017-07-31,49758.0,53751.0,53284.0,68295.0,67706.0,54375.0,50577.0,52516.0
493,535,2017-07-31,49758.0,53751.0,53284.0,68295.0,67706.0,54375.0,50577.0,52516.0
494,247,2017-08-31,49758.0,53751.0,53284.0,68295.0,67706.0,54375.0,50577.0,52516.0
495,536,2017-08-31,49758.0,53751.0,53284.0,68295.0,67706.0,54375.0,50577.0,52516.0
496,248,2017-09-30,49758.0,53751.0,53284.0,68295.0,67706.0,54375.0,50577.0,52516.0
497,537,2017-09-30,49758.0,53751.0,53284.0,68295.0,67706.0,54375.0,50577.0,52516.0
498,538,2017-10-31,49758.0,53751.0,53284.0,68295.0,67706.0,54375.0,50577.0,52516.0
499,249,2017-10-31,49758.0,53751.0,53284.0,68295.0,67706.0,54375.0,50577.0,52516.0
500,539,2017-11-30,49758.0,53751.0,53284.0,68295.0,67706.0,54375.0,50577.0,52516.0
501,250,2017-11-30,49758.0,53751.0,53284.0,68295.0,67706.0,54375.0,50577.0,52516.0
502,540,2017-12-31,49758.0,53751.0,53284.0,68295.0,67706.0,54375.0,50577.0,52516.0
503,251,2017-12-31,49758.0,53751.0,53284.0,68295.0,67706.0,54375.0,50577.0,52516.0
504,252,2018-01-31,52043.0,49584.0,50424.0,63188.0,66147.0,52595.0,50437.0,51457.0
505,541,2018-01-31,52043.0,49584.0,50424.0,63188.0,66147.0,52595.0,50437.0,51457.0
506,253,2018-02-28,52043.0,49584.0,50424.0,63188.0,66147.0,52595.0,50437.0,51457.0
507,542,2018-02-28,52043.0,49584.0,50424.0,63188.0,66147.0,52595.0,50437.0,51457.0
508,543,2018-03-31,52043.0,49584.0,50424.0,63188.0,66147.0,52595.0,50437.0,51457.0
509,254,2018-03-31,52043.0,49584.0,50424.0,63188.0,66147.0,52595.0,50437.0,51457.0
510,255,2018-04-30,52043.0,49584.0,50424.0,63188.0,66147.0,52595.0,50437.0,51457.0
511,544,2018-04-30,52043.0,49584.0,50424.0,63188.0,66147.0,52595.0,50437.0,51457.0
512,545,2018-05-31,52043.0,49584.0,50424.0,63188.0,66147.0,52595.0,50437.0,51457.0
513,256,2018-05-31,52043.0,49584.0,50424.0,63188.0,66147.0,52595.0,50437.0,51457.0
514,257,2018-06-30,52043.0,49584.0,50424.0,63188.0,66147.0,52595.0,50437.0,51457.0
515,546,2018-06-30,52043.0,49584.0,50424.0,63188.0,66147.0,52595.0,50437.0,51457.0
516,547,2018-07-31,52043.0,49584.0,50424.0,63188.0,66147.0,52595.0,50437.0,51457.0
517,258,2018-07-31,52043.0,49584.0,50424.0,63188.0,66147.0,52595.0,50437.0,51457.0
518,548,2018-08-31,52043.0,49584.0,50424.0,63188.0,66147.0,52595.0,50437.0,51457.0
519,259,2018-08-31,52043.0,49584.0,50424.0,63188.0,66147.0,52595.0,50437.0,51457.0
520,549,2018-09-30,52043.0,49584.0,50424.0,63188.0,66147.0,52595.0,50437.0,51457.0
521,260,2018-09-30,52043.0,49584.0,50424.0,63188.0,66147.0,52595.0,50437.0,51457.0
522,550,2018-10-31,52043.0,49584.0,50424.0,63188.0,66147.0,52595.0,50437.0,51457.0
523,261,2018-10-31,52043.0,49584.0,50424.0,63188.0,66147.0,52595.0,50437.0,51457.0
524,551,2018-11-30,52043.0,49584.0,50424.0,63188.0,66147.0,52595.0,50437.0,51457.0
525,262,2018-11-30,52043.0,49584.0,50424.0,63188.0,66147.0,52595.0,50437.0,51457.0
526,552,2018-12-31,52043.0,49584.0,50424.0,63188.0,66147.0,52595.0,50437.0,51457.0
527,263,2018-12-31,52043.0,49584.0,50424.0,63188.0,66147.0,52595.0,50437.0,51457.0
528,264,2019-01-31,54991.0,49033.0,50785.0,65833.0,68596.0,52239.0,50924.0,50806.0
529,553,2019-01-31,54991.0,49033.0,50785.0,65833.0,68596.0,52239.0,50924.0,50806.0
530,265,2019-02-28,54991.0,49033.0,50785.0,65833.0,68596.0,52239.0,50924.0,50806.0
531,554,2019-02-28,54991.0,49033.0,50785.0,65833.0,68596.0,52239.0,50924.0,50806.0
532,266,2019-03-31,54991.0,49033.0,50785.0,65833.0,68596.0,52239.0,50924.0,50806.0
533,555,2019-03-31,54991.0,49033.0,50785.0,65833.0,68596.0,52239.0,50924.0,50806.0
534,556,2019-04-30,54991.0,49033.0,50785.0,65833.0,68596.0,52239.0,50924.0,50806.0
535,267,2019-04-30,54991.0,49033.0,50785.0,65833.0,68596.0,52239.0,50924.0,50806.0
536,557,2019-05-31,54991.0,49033.0,50785.0,65833.0,68596.0,52239.0,50924.0,50806.0
537,268,2019-05-31,54991.0,49033.0,50785.0,65833.0,68596.0,52239.0,50924.0,50806.0
538,558,2019-06-30,54991.0,49033.0,50785.0,65833.0,68596.0,52239.0,50924.0,50806.0
539,269,2019-06-30,54991.0,49033.0,50785.0,65833.0,68596.0,52239.0,50924.0,50806.0
540,559,2019-07-31,54991.0,49033.0,50785.0,65833.0,68596.0,52239.0,50924.0,50806.0
541,270,2019-07-31,54991.0,49033.0,50785.0,65833.0,68596.0,52239.0,50924.0,50806.0
542,271,2019-08-31,54991.0,49033.0,50785.0,65833.0,68596.0,52239.0,50924.0,50806.0
543,560,2019-08-31,54991.0,49033.0,50785.0,65833.0,68596.0,52239.0,50924.0,50806.0
544,561,2019-09-30,54991.0,49033.0,50785.0,65833.0,68596.0,52239.0,50924.0,50806.0
545,272,2019-09-30,54991.0,49033.0,50785.0,65833.0,68596.0,52239.0,50924.0,50806.0
546,562,2019-10-31,54991.0,49033.0,50785.0,65833.0,68596.0,52239.0,50924.0,50806.0
547,273,2019-10-31,54991.0,49033.0,50785.0,65833.0,68596.0,52239.0,50924.0,50806.0
548,563,2019-11-30,54991.0,49033.0,50785.0,65833.0,68596.0,52239.0,50924.0,50806.0
549,274,2019-11-30,54991.0,49033.0,50785.0,65833.0,68596.0,52239.0,50924.0,50806.0
550,275,2019-12-31,54991.0,49033.0,50785.0,65833.0,68596.0,52239.0,50924.0,50806.0
551,564,2019-12-31,54991.0,49033.0,50785.0,65833.0,68596.0,52239.0,50924.0,50806.0
552,276,2020-01-31,59259.0,50884.0,51442.0,66739.0,68944.0,52929.0,51298.0,52160.0
553,565,2020-01-31,59259.0,50884.0,51442.0,66739.0,68944.0,52929.0,51298.0,52160.0
554,566,2020-02-29,59259.0,50884.0,51442.0,66739.0,68944.0,52929.0,51298.0,52160.0
555,277,2020-02-29,59259.0,50884.0,51442.0,66739.0,68944.0,52929.0,51298.0,52160.0
556,567,2020-03-31,59259.0,50884.0,51442.0,66739.0,68944.0,52929.0,51298.0,52160.0
557,278,2020-03-31,59259.0,50884.0,51442.0,66739.0,68944.0,52929.0,51298.0,52160.0
558,279,2020-04-30,59259.0,50884.0,51442.0,66739.0,68944.0,52929.0,51298.0,52160.0
559,568,2020-04-30,59259.0,50884.0,51442.0,66739.0,68944.0,52929.0,51298.0,52160.0
560,569,2020-05-31,59259.0,50884.0,51442.0,66739.0,68944.0,52929.0,51298.0,52160.0
561,280,2020-05-31,59259.0,50884.0,51442.0,66739.0,68944.0,52929.0,51298.0,52160.0
562,570,2020-06-30,59259.0,50884.0,51442.0,66739.0,68944.0,52929.0,51298.0,52160.0
563,281,2020-06-30,59259.0,50884.0,51442.0,66739.0,68944.0,52929.0,51298.0,52160.0
564,571,2020-07-31,59259.0,50884.0,51442.0,66739.0,68944.0,52929.0,51298.0,52160.0
565,282,2020-07-31,59259.0,50884.0,51442.0,66739.0,68944.0,52929.0,51298.0,52160.0
566,572,2020-08-31,59259.0,50884.0,51442.0,66739.0,68944.0,52929.0,51298.0,52160.0
567,283,2020-08-31,59259.0,50884.0,51442.0,66739.0,68944.0,52929.0,51298.0,52160.0
568,573,2020-09-30,59259.0,50884.0,51442.0,66739.0,68944.0,52929.0,51298.0,52160.0
569,284,2020-09-30,59259.0,50884.0,51442.0,66739.0,68944.0,52929.0,51298.0,52160.0
570,285,2020-10-31,59259.0,50884.0,51442.0,66739.0,68944.0,52929.0,51298.0,52160.0
571,574,2020-10-31,59259.0,50884.0,51442.0,66739.0,68944.0,52929.0,51298.0,52160.0
572,575,2020-11-30,59259.0,50884.0,51442.0,66739.0,68944.0,52929.0,51298.0,52160.0
573,286,2020-11-30,59259.0,50884.0,51442.0,66739.0,68944.0,52929.0,51298.0,52160.0
574,576,2020-12-31,59259.0,50884.0,51442.0,66739.0,68944.0,52929.0,51298.0,52160.0
575,287,2020-12-31,59259.0,50884.0,51442.0,66739.0,68944.0,52929.0,51298.0,52160.0
576,577,2021-01-31,59259.0,50884.0,51442.0,66739.0,68944.0,52929.0,51298.0,52160.0
577,288,2021-01-31,58905.0,54164.0,52066.0,71443.0,71779.0,54443.0,52533.0,53795.0
578,578,2021-02-28,58905.0,54164.0,52066.0,71443.0,71779.0,54443.0,52533.0,53795.0
579,579,2021-03-31,58905.0,54164.0,52066.0,71443.0,71779.0,54443.0,52533.0,53795.0
580,580,2021-04-30,58905.0,54164.0,52066.0,71443.0,71779.0,54443.0,52533.0,53795.0
581,581,2021-05-31,58905.0,54164.0,52066.0,71443.0,71779.0,54443.0,52533.0,53795.0
582,582,2021-06-30,58905.0,54164.0,52066.0,71443.0,71779.0,54443.0,52533.0,53795.0
583,583,2021-07-31,58905.0,54164.0,52066.0,71443.0,71779.0,54443.0,52533.0,53795.0
584,584,2021-08-31,58905.0,54164.0,52066.0,71443.0,71779.0,54443.0,52533.0,53795.0
585,585,2021-09-30,58905.0,54164.0,52066.0,71443.0,71779.0,54443.0,52533.0,53795.0
586,586,2021-10-31,58905.0,54164.0,52066.0,71443.0,71779.0,54443.0,52533.0,53795.0
587,587,2021-11-30,58905.0,54164.0,52066.0,71443.0,71779.0,54443.0,52533.0,53795.0
588,588,2021-12-31,58905.0,54164.0,52066.0,71443.0,71779.0,54443.0,52533.0,53795.0
